{
    "emisor": {
      "nit": "06140110221043",
      "nrc": "3201136",
      "nombre": "INVERSIONES DEL CICLO S.A. DE C.V.",
      "codActividad": "46371",
      "descActividad": "Venta al por mayor de frutas, hortalizas (verduras), legumbres y tubérculos",
      "nombreComercial": "MR JB",
      "tipoEstablecimiento": "02",
      "direccion": {
        "departamento": "06",
        "municipio": "14",
        "complemento": "11 AV. SUR LOCAL 317 C. URB."
      },
      "telefono": "23456780",
      "correo": "mr.jbinversionessadecv@gmail.com",
      "codEstableMH": null,
      "codEstable": null,
      "codPuntoVentaMH": null,
      "codPuntoVenta": null,
      "emailauto":"SI",
      "keypublica": "Mrinversione$2024",
      "keyprivada": "jBdelcielo*2024",
      "api": "jBdelcielo$2024",
      "ambiente": "00"
    }
  }
  